URL,Title,Category,Description
https://docs.python.org/3/,Python 3 Documentation,Education,Official Python programming language documentation and standard library reference tutorial.
https://github.com,GitHub: Let's build from here,Development,World leading software development platform for version control and AI coding.
https://www.kaggle.com,Kaggle Data Science,Education,Inside Kaggle you will find code datasets and competitions for machine learning.
https://www.theverge.com,The Verge,News,Covering the intersection of technology science art and culture.
https://stackoverflow.com,Stack Overflow,Development,The largest online developer community to learn share programming knowledge.
https://w3schools.com,W3Schools Web Tutorials,Education,Free online tutorials references and exercises in web languages.
https://pypi.org,PyPI Python Package Index,Development,Repository of software for the Python programming language.
https://streamlit.io,Streamlit Data Apps,Development,Turns data scripts into shareable web apps in minutes in pure Python.
https://geeksforgeeks.org,GeeksforGeeks,Education,A computer science portal containing articles and coding problem solutions.
https://techcrunch.com,TechCrunch,News,Reports on tech startups venture capital funding and Silicon Valley.
https://arxiv.org,arXiv Research Archive,Education,Open access repository for 2+ million scientific research papers.
https://leetcode.com,LeetCode Dev Platform,Education,Level up coding skills and prepare for technical interviews.
https://bbc.com/news,BBC News,News,World and national breaking news video audio and feature stories.
https://news.ycombinator.com,Hacker News,News,Social news website focusing on computer science and entrepreneurship.
https://amazon.com,Amazon,Shopping,Online shopping for electronics apparel books and grocery items.
https://ebay.com,eBay Online Marketplace,Shopping,Buy and sell electronics cars fashion collectibles and digital cameras.
https://investopedia.com,Investopedia Financial Guide,Finance,Leading source of financial education stock market news and dictionary terms.
https://coinmarketcap.com,CoinMarketCap,Finance,Top cryptocurrency prices charts listed by market capitalization.
https://youtube.com,YouTube Video Platform,Entertainment,Watch original videos music streams and subscribe to content creators.
https://spotify.com,Spotify Web Player,Entertainment,Digital music service giving access to millions of songs and podcasts.
https://reddit.com,Reddit Dive Into Anything,Social,Network of communities where people dive into their interests and hobbies.
https://linkedin.com,LinkedIn Professional Network,Social,Manage professional identity build network and find career opportunities.
https://notion.so,Notion Connected Workspace,Tools & Productivity,All-in-one workspace for notes tasks documents and team wikis.
https://figma.com,Figma Interface Design,Tools & Productivity,Collaborative interface design tool for building software products.
https://canva.com,Canva Visual Design,Tools & Productivity,Visual suite for graphics logos social media posts and presentations.
https://developer.mozilla.org,MDN Web Docs,Education,Documentation about open web technologies including HTML CSS and JS.
https://dev.to,DEV Community,Development,A constructive social network for software developers to share articles.
https://coursera.org,Coursera Online Learning,Education,Build skills with online courses from top universities and companies.
https://wired.com,WIRED Tech & Culture,News,Essential source of ideas and news making sense of a world in transformation.
https://invalid-nonexistent-domain-test12345.org,Broken Test Link,Other,A sample broken link used for testing the link health validator.
